category,ua_std,ua_range,pref_std,pref_range,total_divergence,gemma_ua,gemma_pref,llama_ua,llama_pref,mistral_ua,mistral_pref,apertus_ua,apertus_pref
ground_truth_numeric,0.13343836461503533,0.34795790910720825,1.2562298409873813,3.3224833846092228,1.3896682056024168,-0.2509133219718933,-3.6433929483095806,-0.1417386829853058,-0.32090956370035806,-0.20107752084732056,-0.8975622574488322,0.09704458713531494,-1.7288407246271769
ground_truth_nonnumeric,0.036811727979692115,0.09762659668922424,0.14682092432966157,0.40732166767120365,0.1836326523093537,0.03642275929450989,0.1437421917915344,0.010891646146774292,0.38927674293518066,0.03215992450714111,0.5510638594627381,0.10851824283599854,0.30843172073364256
scientific_facts,0.046065081881606997,0.12154680490493774,0.10913716673517151,0.30513629913330087,0.1552022486167785,0.02147960662841797,1.138056786855062,-0.012549519538879395,1.165419093767802,0.010457396507263184,0.9724255164464315,0.10899728536605835,1.2775618155797324
tech_philosophy,0.024618246127732158,0.06786060333251953,0.10784870893605837,0.2871153831481933,0.13246695506379053,0.00696757435798645,0.9638937330245971,-0.008115887641906738,0.8066155862808227,-0.031685590744018555,0.7326381206512451,0.03617501258850098,0.6767783498764038
business,0.007885447547621622,0.02116072177886963,0.10574381111146079,0.2533998441696167,0.11362925865908241,0.024655044078826904,0.3069562244415283,0.025831937789916992,0.232286696434021,0.040737152099609375,0.05355638027191162,0.019576430320739746,0.07750813961029053
lifestyle,0.020020626104943283,0.04830199480056763,0.08295918192458884,0.22900879859924317,0.10297980802953213,0.020629584789276123,0.10201860427856445,-0.007852435111999512,-0.024485573768615723,-0.012181401252746582,0.20452322483062743,0.036120593547821045,0.1341915798187256
