{
  "timestamp": "2026-01-03T00:08:40.754122",
  "model": "meta-llama/Llama-3.1-8B-Instruct",
  "n_pairs": 230,
  "results_with_template": {
    "0": {
      "r": -0.24803795240682894,
      "ci_lo": -0.36640067460739184,
      "ci_hi": -0.1171547491679669,
      "sig": true
    },
    "4": {
      "r": -0.5932762962143118,
      "ci_lo": -0.6895086207594243,
      "ci_hi": -0.4927789547082845,
      "sig": true
    },
    "8": {
      "r": -0.5832381989219144,
      "ci_lo": -0.6777473416138622,
      "ci_hi": -0.4843685959934299,
      "sig": true
    },
    "12": {
      "r": -0.5719869660195781,
      "ci_lo": -0.6683909913355714,
      "ci_hi": -0.4693801730162488,
      "sig": true
    },
    "16": {
      "r": -0.5704515410965231,
      "ci_lo": -0.6652164355351765,
      "ci_hi": -0.46584512607140754,
      "sig": true
    },
    "20": {
      "r": -0.6067576954712572,
      "ci_lo": -0.6904877411315541,
      "ci_hi": -0.5158053813506198,
      "sig": true
    },
    "24": {
      "r": -0.6157424186188186,
      "ci_lo": -0.6945051352917713,
      "ci_hi": -0.5236224378876785,
      "sig": true
    },
    "28": {
      "r": -0.6066391520079736,
      "ci_lo": -0.6905952851395067,
      "ci_hi": -0.5089379311935166,
      "sig": true
    },
    "32": {
      "r": -0.5664881126515108,
      "ci_lo": -0.6546244399354335,
      "ci_hi": -0.46429015188934136,
      "sig": true
    }
  },
  "results_without_template": {
    "0": {
      "r": 0.27140451880221117,
      "ci_lo": 0.1481742361436247,
      "ci_hi": 0.38439800454885464,
      "sig": true
    },
    "4": {
      "r": -0.13470946445533677,
      "ci_lo": -0.2761443564963157,
      "ci_hi": 0.011781563606610689,
      "sig": false
    },
    "8": {
      "r": -0.21369042001544156,
      "ci_lo": -0.34158674000150063,
      "ci_hi": -0.06990761298684828,
      "sig": true
    },
    "12": {
      "r": -0.2111298001221058,
      "ci_lo": -0.3358300214545695,
      "ci_hi": -0.07372101923581023,
      "sig": true
    },
    "16": {
      "r": -0.2396144667668329,
      "ci_lo": -0.35229324832757564,
      "ci_hi": -0.11654175481943105,
      "sig": true
    },
    "20": {
      "r": -0.3796154001444358,
      "ci_lo": -0.4813082291051873,
      "ci_hi": -0.271356340686854,
      "sig": true
    },
    "24": {
      "r": -0.4071942521404233,
      "ci_lo": -0.5107861186439018,
      "ci_hi": -0.2986040674761828,
      "sig": true
    },
    "28": {
      "r": -0.38928016472907356,
      "ci_lo": -0.4967810921813319,
      "ci_hi": -0.27780202103482776,
      "sig": true
    },
    "32": {
      "r": -0.30576287892999804,
      "ci_lo": -0.44052789344641025,
      "ci_hi": -0.15278063760756203,
      "sig": true
    }
  },
  "phase_with": {
    "early": -0.474850815847685,
    "mid": -0.5830654008624528,
    "late": -0.5962898944261009,
    "pattern": "OTHER"
  },
  "phase_without": {
    "early": -0.025665121889522385,
    "mid": -0.2767865556777915,
    "late": -0.3674124319331649,
    "pattern": "OTHER"
  },
  "verdict": "TEMPLATE_INVARIANT"
}