{
  "model": "google/gemma-2b",
  "n_layers": 18,
  "hidden_dim": 2048,
  "n_prompts": 16,
  "normalization": "RMSNorm",
  "L_star_anisotropy": 9,
  "is_bell_curve": true,
  "phase1_slope": 0.01796823740005493,
  "phase2_slope": -0.050392119992863055,
  "phase1_r": 0.7503632807048566,
  "phase2_r": -0.7160114149171077,
  "profile_variance": 0.023619558662176132,
  "profile_range": 0.6926448345184326,
  "max_anisotropy": 0.9725446105003357,
  "intrinsic_dim_ratio": [
    0.7297304272651672,
    0.8788242936134338,
    0.9026233553886414,
    0.9146218299865723,
    0.916242241859436,
    0.9196993112564087,
    0.9170258045196533,
    0.9199195504188538,
    0.9599619507789612,
    0.9725446105003357,
    0.9723919034004211,
    0.9701004028320312,
    0.9667249917984009,
    0.9600816965103149,
    0.9384958148002625,
    0.9052509665489197,
    0.8516716957092285,
    0.7891426086425781,
    0.27989980578422546
  ],
  "effective_rank": [
    4.93857479095459,
    2.470461130142212,
    2.1065614223480225,
    1.9588689804077148,
    1.9173802137374878,
    1.875192642211914,
    1.9064136743545532,
    1.87300443649292,
    1.4093114137649536,
    1.2796404361724854,
    1.2817400693893433,
    1.307013988494873,
    1.3417363166809082,
    1.4123369455337524,
    1.653892993927002,
    2.061197280883789,
    2.837308883666992,
    3.9386603832244873,
    27.69649887084961
  ],
  "avg_cos_sim": [
    0.8152887225151062,
    0.7984504103660583,
    0.7958077192306519,
    0.7923527956008911,
    0.7848739624023438,
    0.775612473487854,
    0.7786361575126648,
    0.7676275372505188,
    0.6913789510726929,
    0.6091272830963135,
    0.6003443002700806,
    0.6029196977615356,
    0.6282414197921753,
    0.6650234460830688,
    0.6788442134857178,
    0.7264707088470459,
    0.7686721086502075,
    0.8348351120948792,
    0.802335262298584
  ],
  "norm_cv": [
    0.5098504424095154,
    0.6374999284744263,
    0.6739413142204285,
    0.6936784386634827,
    0.6999726295471191,
    0.7156957983970642,
    0.6950706839561462,
    0.7049295902252197,
    0.9795019626617432,
    1.1616780757904053,
    1.1644772291183472,
    1.1419591903686523,
    1.0902917385101318,
    1.00001060962677,
    0.9043577909469604,
    0.733635663986206,
    0.5692834258079529,
    0.426594614982605,
    0.05249333754181862
  ],
  "gauge_theory_test": {
    "pythia_profile_range": 0.934,
    "gemma_profile_range": 0.6926448345184326,
    "is_flatter": true
  }
}