{
  "model": "EleutherAI/pythia-6.9b",
  "n_layers": 32,
  "hidden_dim": 4096,
  "n_prompts": 16,
  "L_star_anisotropy": 7,
  "L_star_paper2": 28,
  "is_bell_curve": true,
  "phase1_slope": 0.18627198639192746,
  "phase2_slope": -0.009323312148579165,
  "phase1_r": 0.8836719446268273,
  "phase2_r": -0.4103139405722283,
  "intrinsic_dim_ratio": [
    0.060107845813035965,
    0.1775989532470703,
    0.1497284322977066,
    0.11635379493236542,
    0.9403242468833923,
    0.9900907278060913,
    0.9934532642364502,
    0.9941147565841675,
    0.9935197234153748,
    0.9929912686347961,
    0.9923772215843201,
    0.9918016195297241,
    0.9911027550697327,
    0.9900943040847778,
    0.9889804720878601,
    0.9880547523498535,
    0.9870654344558716,
    0.9862003326416016,
    0.9850618243217468,
    0.9835728406906128,
    0.9818934202194214,
    0.9794453382492065,
    0.97690749168396,
    0.97377610206604,
    0.9708645343780518,
    0.9680162668228149,
    0.9650247097015381,
    0.9617964625358582,
    0.9581945538520813,
    0.9546693563461304,
    0.9496530890464783,
    0.9376068711280823,
    0.09499534219503403
  ],
  "effective_rank": [
    104.52950286865234,
    70.91207885742188,
    78.61515045166016,
    90.71949768066406,
    1.6645176410675049,
    1.1083282232284546,
    1.0733524560928345,
    1.06638765335083,
    1.0726008415222168,
    1.0781322717666626,
    1.0844866037368774,
    1.0903708934783936,
    1.097572922706604,
    1.1078888177871704,
    1.1191445589065552,
    1.1284599304199219,
    1.1383668184280396,
    1.1470381021499634,
    1.1584490537643433,
    1.1734352111816406,
    1.1903613805770874,
    1.2149341106414795,
    1.2407126426696777,
    1.2726523876190186,
    1.3026537895202637,
    1.3323618173599243,
    1.3639343976974487,
    1.3984779119491577,
    1.4373699426651,
    1.4761425256729126,
    1.5318890810012817,
    1.6693917512893677,
    66.3639907836914
  ],
  "avg_cos_sim": [
    0.32737189531326294,
    0.920051634311676,
    0.9123256206512451,
    0.898409366607666,
    0.8257537484169006,
    0.7591728568077087,
    0.7471416592597961,
    0.73829185962677,
    0.7517092823982239,
    0.7704155445098877,
    0.7971799969673157,
    0.821652352809906,
    0.817314624786377,
    0.8269984126091003,
    0.8415129780769348,
    0.8494076132774353,
    0.876995861530304,
    0.900158166885376,
    0.9103280305862427,
    0.9178545475006104,
    0.928483784198761,
    0.9342106580734253,
    0.93309485912323,
    0.9317073225975037,
    0.9279714822769165,
    0.924562931060791,
    0.9195168614387512,
    0.9142325520515442,
    0.9091171622276306,
    0.9024985432624817,
    0.8941506147384644,
    0.8819220066070557,
    0.5649802088737488
  ]
}