{
  "model": "EleutherAI/pythia-1.4b",
  "n_layers": 24,
  "hidden_dim": 2048,
  "n_prompts": 8,
  "attention": {
    "gains": [
      0.5269130406442787,
      0.31210458972187427,
      0.2395559322078751,
      0.31364737666720655,
      0.24900073947277218,
      0.2325902763246336,
      0.26641683087379103,
      0.20258983648556664,
      0.2944272571810094,
      0.2164164389698652,
      0.21558190396702334,
      0.2402806037001806,
      0.26422591226823605,
      0.2278397516281594,
      0.25104958226843943,
      0.21717075136277875,
      0.17353200775295757,
      0.16646444442617167,
      0.160824430870064,
      0.33537521681229954,
      0.08266839035439565,
      0.09010751345307175,
      0.09861967553484748,
      0.3712703637112994
    ],
    "min_gain": 0.08266839035439565,
    "max_gain": 0.5269130406442787,
    "L_star_min": 20,
    "n_contracting": 24,
    "n_expanding": 0
  },
  "mlp": {
    "gains": [
      0.8922744140596759,
      0.26085993221002773,
      0.37067397002255614,
      1.769551073128353,
      0.8639314351252739,
      0.46198985560098926,
      0.5611207813676481,
      0.44432006772360855,
      0.47589876577848533,
      0.4356824724896114,
      0.4988115896249224,
      0.5334047388261038,
      0.5904373105815617,
      0.620615567312411,
      0.6721361856219006,
      0.6733719134279127,
      0.6816031071057199,
      0.6855422651416416,
      0.7941076893401178,
      0.714529060230569,
      0.6981856366405399,
      0.6477941513562269,
      0.916992028275286,
      3.603710308251099
    ],
    "min_gain": 0.26085993221002773,
    "max_gain": 3.603710308251099,
    "L_star_max": 23,
    "n_contracting": 22,
    "n_expanding": 2
  },
  "combined": {
    "gains": [
      0.47015102460127595,
      0.08141558211728664,
      0.08879714843394738,
      0.5550150519653481,
      0.21511956619996653,
      0.10745434817341168,
      0.14949202030939418,
      0.09001472986738175,
      0.14011756830398706,
      0.09428884921778796,
      0.10753475221215827,
      0.12816681266167337,
      0.15600883702561696,
      0.14140089671302894,
      0.1687395086278804,
      0.1462366843857318,
      0.11827995566670976,
      0.11411841229746264,
      0.12771191718766603,
      0.2396353384935157,
      0.05771788274963239,
      0.05837112020815241,
      0.09043345629655039,
      1.3379508368545443
    ],
    "n_net_contracting": 23,
    "n_net_expanding": 1
  },
  "hypothesis_test": {
    "attention_contracts": true,
    "mlp_expands": false,
    "hypothesis_confirmed": false
  }
}