{
  "model": "EleutherAI/pythia-6.9b",
  "n_layers": 32,
  "hidden_dim": 4096,
  "n_prompts": 8,
  "attention": {
    "gains": [
      0.9987366818658081,
      0.3354927380212427,
      0.2749299977953985,
      0.3969166467218414,
      0.33115031240451065,
      0.31689995243989244,
      0.321841612969248,
      0.2930721142183593,
      0.28686175145617615,
      0.35656066267478315,
      0.41143557082743537,
      0.2843334934521468,
      0.38959371154609224,
      0.453611182428609,
      0.3224561489445163,
      0.34753279161378814,
      0.3515228875394117,
      0.17844346502350605,
      0.23018459984366993,
      0.19986036134394497,
      0.20730820769710925,
      0.1407708104154075,
      0.0950939249888988,
      0.07935248858405747,
      0.09086712728654209,
      0.08300652789821879,
      0.0948335005648108,
      0.1270284657273598,
      0.09794913105061896,
      0.10935952795137105,
      0.12431215876067261,
      0.27416643601186674
    ],
    "min_gain": 0.07935248858405747,
    "max_gain": 0.9987366818658081,
    "L_star_min": 23,
    "n_contracting": 32,
    "n_expanding": 0
  },
  "mlp": {
    "gains": [
      1.2963812195751556,
      0.26233862253899404,
      0.40815673740515807,
      1.5255716987862655,
      2.0659352165577887,
      1.4541627692703478,
      1.088866230491373,
      0.6333090438265581,
      0.7027926626590519,
      0.8339294605528493,
      1.0269121527519145,
      0.9234201975319595,
      0.9491063554602892,
      1.0951966715084593,
      0.91483660588501,
      1.064772382484077,
      1.0405424522141602,
      1.021437425491645,
      0.9961827950715246,
      1.1054846652802888,
      1.0412473493999852,
      0.9595417283362505,
      0.9845788546159628,
      0.9472484495521418,
      0.9033725454300368,
      0.9250351741331719,
      0.8947506124743462,
      0.8716696182389915,
      0.8736418700521578,
      0.9047071137926963,
      1.1916904375478068,
      6.244652154513264
    ],
    "min_gain": 0.26233862253899404,
    "max_gain": 6.244652154513264,
    "L_star_max": 31,
    "n_contracting": 18,
    "n_expanding": 14,
    "last_layer_gain": 6.244652154513264
  },
  "combined": {
    "gains": [
      1.2947434776716404,
      0.0880127027643284,
      0.11221453091497716,
      0.6055248030159877,
      0.6841350923705921,
      0.4608241124216355,
      0.35044246392908845,
      0.18560522042785696,
      0.2016043341209252,
      0.2973464410787484,
      0.42250818775711446,
      0.2625592906885335,
      0.3697658676757588,
      0.4967934571548291,
      0.2949946888471526,
      0.3700433185179554,
      0.3657744874096619,
      0.18226883350941842,
      0.22930593805468755,
      0.22094256466310858,
      0.21585912177347663,
      0.13507546672529477,
      0.09362746774650628,
      0.07516652177935247,
      0.08208686807275868,
      0.07678395798851881,
      0.08485233271345072,
      0.11072685422605252,
      0.08557246202104662,
      0.0989383428986166,
      0.14814161086601838,
      1.7120740253367266
    ],
    "n_net_contracting": 30,
    "n_net_expanding": 2,
    "max_gain": 1.7120740253367266,
    "max_gain_layer": 31
  },
  "funnel_test": {
    "attention_always_contracts": true,
    "mlp_mostly_contracts": false,
    "last_layer_expands": true,
    "last_layer_is_max": true,
    "funnel_confirmed": false
  },
  "comparison_1_4b": {
    "attn_contraction_match": true,
    "mlp_expansion_in_last": true,
    "pattern_match": false
  }
}