Model,Lab,Behavior,Known Gain,Layers,L* (gap max),L* / L,Max Gap,Mean Gap
pythia-160m,EleutherAI,DAMPEN,1.157,12,1,0.08333333333333333,6.14590028266828e-14,1.526394762155275e-14
pythia-410m,EleutherAI,DAMPEN,0.978,24,1,0.041666666666666664,6.835492145765297e-14,8.021678680511954e-15
opt-125m,Meta,EXPAND,1.263,12,0,0.0,4.048711155638595e-14,9.228466104853115e-15
gpt2,OpenAI,EXPAND,1.05,12,11,0.9166666666666666,1.1608027461376179e-12,3.4292243563721345e-13
