Model,Lab,Expected,Layers,W_V Mean,W_O Mean
pythia-160m,EleutherAI,DAMPENER,12,22.14668846130371,2.389493703842163
pythia-410m,EleutherAI,DAMPENER,24,16.925121307373047,2.45758056640625
gpt-neo-125M,EleutherAI,DAMPENER,12,25.803930282592773,70.08118438720703
opt-125m,Meta,EXPANDER,12,1.6076017618179321,2.0170795917510986
opt-350m,Meta,EXPANDER,24,2.7515199184417725,3.4260940551757812
bloom-560m,BigScience,EXPANDER,24,3.778996706008911,2.5593414306640625
gpt2,OpenAI,NEUTRAL,12,8.954093933105469,22.5062198638916
