{
  "model": "EleutherAI/pythia-1.4b",
  "n_layers": 24,
  "n_heads": 16,
  "hidden_dim": 2048,
  "test_prompt": "The capital of France is Paris, which is known for the Eiffel Tower.",
  "seq_len": 17,
  "restriction_maps": {
    "L_star_min_contraction": 21,
    "L_star_inflection": 20,
    "contraction_ratios": [
      0.2922346591949463,
      0.2565840780735016,
      0.2584066092967987,
      0.30139508843421936,
      0.20246341824531555,
      0.20905306935310364,
      0.18435506522655487,
      0.19887980818748474,
      0.23444059491157532,
      0.25776994228363037,
      0.12408305704593658,
      0.16166196763515472,
      0.1475885510444641,
      0.17785023152828217,
      0.1479816883802414,
      0.17744016647338867,
      0.1658204346895218,
      0.215708926320076,
      0.17830966413021088,
      0.16864444315433502,
      0.14338816702365875,
      NaN,
      NaN,
      NaN
    ],
    "mean_op_norms": [
      1.9908239841461182,
      1.4582908153533936,
      1.1577353477478027,
      1.430863380432129,
      0.966574490070343,
      0.8969358801841736,
      0.9198856949806213,
      1.0093722343444824,
      1.1890819072723389,
      1.111891746520996,
      0.555664598941803,
      1.054397702217102,
      1.2415703535079956,
      1.21026611328125,
      2.5188674926757812,
      1.241599440574646,
      2.237316370010376,
      2.5467324256896973,
      3.0823984146118164,
      2.0708017349243164,
      3.7705705165863037,
      NaN,
      NaN,
      NaN
    ],
    "W_V_op_norms": [
      6.812415599822998,
      5.683481216430664,
      4.480285167694092,
      4.747467517852783,
      4.774069786071777,
      4.290469646453857,
      4.989749908447266,
      5.075287818908691,
      5.071996688842773,
      4.313504219055176,
      4.478166580200195,
      6.522237300872803,
      8.412375450134277,
      6.804973602294922,
      17.021480560302734,
      6.997284889221191,
      13.492403984069824,
      11.806337356567383,
      17.286771774291992,
      12.279098510742188,
      26.296245574951172,
      22.061704635620117,
      29.261375427246094,
      28.329444885253906
    ],
    "attention_entropies": [
      1.6949042081832886,
      1.3020931482315063,
      1.3575353622436523,
      1.7906283140182495,
      0.6474893093109131,
      0.8157925009727478,
      0.4017365872859955,
      0.5571277737617493,
      1.0222328901290894,
      1.2388852834701538,
      0.024015268310904503,
      0.23462454974651337,
      0.12149912118911743,
      0.41475409269332886,
      0.1447145640850067,
      0.3560481667518616,
      0.28200003504753113,
      0.8704481720924377,
      0.4422256350517273,
      0.4607265889644623,
      0.10349974036216736,
      NaN,
      NaN,
      NaN
    ]
  },
  "sheaf_laplacian": {
    "spectral_gaps": [
      3.848121726759839e-15,
      1.0466653051241219e-14,
      9.566110993708655e-16,
      1.991709477262982e-15,
      1.3960844279256607e-15,
      3.179658666247072e-15,
      7.647093774933368e-16,
      1.4341107818960633e-15,
      1.8985306087786993e-15,
      1.361136461041437e-14,
      2.3925300977499275e-17,
      1.5805834822254526e-16,
      5.411089382089032e-16,
      5.966581353410167e-16,
      3.0267605939969296e-16,
      1.596050577716647e-16,
      5.670516069301921e-16,
      3.784430779494319e-15,
      1.9088588468857572e-15,
      1.5897783150661214e-15,
      1.0512621163390536e-17,
      NaN,
      NaN,
      NaN
    ],
    "lambda_1": [
      1.0000314556312704e-10,
      1.0000028048095079e-10,
      1.0000009478846421e-10,
      1.0000484951341606e-10,
      1.0000165701651144e-10,
      1.0000019797914369e-10,
      1.0000006744389222e-10,
      1.0000026444868142e-10,
      1.0000000416499038e-10,
      1.0000223194952287e-10,
      1.0000001167473884e-10,
      1.0000004835181021e-10,
      1.0000049591641576e-10,
      1.0000003033375253e-10,
      1.0000016088286183e-10,
      1.0000016947381531e-10,
      1.0000036823009102e-10,
      1.0000065397719809e-10,
      1.0000055169338371e-10,
      1.0000038990543401e-10,
      1.0000000038437575e-10,
      0.0,
      0.0,
      0.0
    ],
    "lambda_2": [
      1.000069936848538e-10,
      1.0001074713400203e-10,
      1.0000105139956358e-10,
      1.0000684122289332e-10,
      1.0000305310093937e-10,
      1.0000337763780994e-10,
      1.0000083215326971e-10,
      1.0000169855946331e-10,
      1.0000190269559916e-10,
      1.0001584331413328e-10,
      1.0000003560003982e-10,
      1.0000020641015843e-10,
      1.0000103702535397e-10,
      1.0000062699188788e-10,
      1.0000046355892123e-10,
      1.0000032907887309e-10,
      1.0000093528169795e-10,
      1.0000443840797758e-10,
      1.000024605522306e-10,
      1.0000197968374907e-10,
      1.0000001089699691e-10,
      NaN,
      NaN,
      NaN
    ],
    "traces": [
      0.5423630769434191,
      0.9036964874361919,
      1.2093600855855384,
      0.9140880175014359,
      1.6858357644991546,
      1.4056217565604845,
      2.120176484350045,
      2.1742921994102025,
      3.258126616856697,
      1.8995450576803448,
      2.3284869101369177,
      3.1204696897031043,
      3.223973142673885,
      3.2487358866490936,
      3.6777548830557416,
      2.168719671180548,
      3.8424101001210316,
      4.109113127727103,
      3.387261526143659,
      3.3891477961906644,
      1.6874091086145677,
      NaN,
      NaN,
      NaN
    ]
  },
  "validation": {
    "formula_tested": "rho_ij = sqrt(A_ij) * W_V",
    "contraction_before_Lstar": true,
    "expansion_after_Lstar": false
  }
}