{
  "timestamp": "2026-01-03T01:04:55.962316",
  "model": "swiss-ai/Apertus-8B-2509",
  "model_display": "Apertus-8B",
  "model_type": "Multilingual (Swiss AI)",
  "n_layers": 32,
  "layers_tested": [
    0,
    4,
    8,
    12,
    16,
    20,
    24,
    28,
    32
  ],
  "n_pairs": 230,
  "n_bootstrap": 10000,
  "results": {
    "0": {
      "r": 0.4946722363508254,
      "ci_lo": 0.37853860465476874,
      "ci_hi": 0.5963439256207342,
      "sig": true
    },
    "4": {
      "r": 0.3096558762353187,
      "ci_lo": 0.197693641176319,
      "ci_hi": 0.4197308178290663,
      "sig": true
    },
    "8": {
      "r": 0.36519748656768675,
      "ci_lo": 0.23077980184408384,
      "ci_hi": 0.478219736546195,
      "sig": true
    },
    "12": {
      "r": -0.0006057846086791181,
      "ci_lo": -0.21563739935080448,
      "ci_hi": 0.1952513297553155,
      "sig": false
    },
    "16": {
      "r": -0.34473765924181027,
      "ci_lo": -0.45507720848072597,
      "ci_hi": -0.21489995547745372,
      "sig": true
    },
    "20": {
      "r": -0.33951000253312497,
      "ci_lo": -0.44946462968911005,
      "ci_hi": -0.23053136160470336,
      "sig": true
    },
    "24": {
      "r": -0.36211738893700185,
      "ci_lo": -0.4734565184865739,
      "ci_hi": -0.24910479208250796,
      "sig": true
    },
    "28": {
      "r": -0.4068651883511775,
      "ci_lo": -0.512936436829385,
      "ci_hi": -0.29240921360575484,
      "sig": true
    },
    "32": {
      "r": 0.004937528088272685,
      "ci_lo": -0.1312293118167037,
      "ci_hi": 0.1428771540428366,
      "sig": false
    }
  },
  "phase_structure": {
    "early_mean": 0.3898418663846103,
    "mid_mean": -0.22828448212787145,
    "late_mean": -0.2546816830666356,
    "pattern": "PYTHIA_PATTERN: positive early, negative late"
  }
}