{
  "timestamp": "2026-01-03T01:12:30.429831",
  "model": "google/gemma-2b",
  "model_display": "Gemma-2B",
  "model_type": "SFT (Supervised Fine-Tuning)",
  "n_layers": 18,
  "layers_tested": [
    0,
    2,
    4,
    6,
    8,
    10,
    12,
    14,
    16,
    18
  ],
  "n_pairs": 230,
  "n_bootstrap": 10000,
  "results": {
    "0": {
      "r": -0.4536465802408109,
      "ci_lo": -0.5602826797752717,
      "ci_hi": -0.33278535358712635,
      "sig": true
    },
    "2": {
      "r": 0.4482796806198006,
      "ci_lo": 0.27710316721868405,
      "ci_hi": 0.5813137505721874,
      "sig": true
    },
    "4": {
      "r": 0.2971680407669422,
      "ci_lo": 0.1278014474147715,
      "ci_hi": 0.4537761766646525,
      "sig": true
    },
    "6": {
      "r": 0.2809180320692807,
      "ci_lo": 0.10698417635392368,
      "ci_hi": 0.42956584605246795,
      "sig": true
    },
    "8": {
      "r": 0.18400587700321808,
      "ci_lo": 0.01820616247171387,
      "ci_hi": 0.3409471656829641,
      "sig": true
    },
    "10": {
      "r": 0.1721982126409671,
      "ci_lo": 0.01980003687440139,
      "ci_hi": 0.31862909833095066,
      "sig": true
    },
    "12": {
      "r": 0.03779763955249613,
      "ci_lo": -0.11116192812363081,
      "ci_hi": 0.18999863799829805,
      "sig": false
    },
    "14": {
      "r": -0.06075679169288928,
      "ci_lo": -0.18188710431148825,
      "ci_hi": 0.06078104330535145,
      "sig": false
    },
    "16": {
      "r": 0.02481242808091785,
      "ci_lo": -0.0834573943397109,
      "ci_hi": 0.1354922386474955,
      "sig": false
    },
    "18": {
      "r": -0.08457082270622855,
      "ci_lo": -0.2211307590864884,
      "ci_hi": 0.05861342928493024,
      "sig": false
    }
  },
  "phase_structure": {
    "early_mean": 0.09726704704864397,
    "mid_mean": 0.21237404057115528,
    "late_mean": -0.020679386691425963,
    "pattern": "OTHER"
  }
}